347af5b5a200e4681887e253eb0d14bc4cc4e5d5	lv_src/Nominal Client MultiPart Upload/upload.part_core.vi
be582eabb93003ff8a4eb16a42b9636266381f8e	lv_src/Nominal Client MultiPart Upload/upload.start_part_upload.vi
bbebc8f85e5059b0adcb17376b2f6f5396a623f0	lv_src/Nominal Client/catalog.wait_until_ingest_complete.vi
b94d0cfff009fdbb1fbd185380bb9977c5486ac8	lv_src/Nominal Client/get request timeout.vi
68ffb043a847d8b183f2b967ab97cae498fad244	lv_src/Nominal Client/http.delete.vi
bb592f9b3b533f7a45f11bc7a176992a976342ee	lv_src/Nominal Client/http.get.vi
6e09bec42eb9c4d94a1c025b67b3899ede370707	lv_src/Nominal Client/http.post.vi
bdf2e83ec633dbb32de836f9e9793425ba9f29e2	lv_src/Nominal Client/http.put.vi
f798e4011e381acef6a2b90d67495e16429c44a1	lv_src/Nominal Client/ingest_csv.vi
b7a360d92395bc088c85e383b213551202175c6b	lv_src/Nominal Client/set request timeout.vi
c5d333b28f8eb70dd915d6372c4deb3b289f710c	lv_src/Nominal Client/upload.file.vi
8c2a5f1fe5aa50539c27c772de8e08a7a8ed9b42	lv_src/Nominal Client/upload.file_multipart_upload.vi
18259a00885e6306db75b2473413840f9f3375be	lv_src/Nominal Client/upload.tdms.vi
811cee829d4b69870b78a088cf5468cfc3e52579	lv_src/Nominal Client/upload.tdms_core.vi
ecec1dd4224271ff64f9d2a5f5e9d62602e57cb2	lv_src/Nominal Client/upload.vi
7f763314bf2a5e92f1ff93b96aba0c82a885be3a	lv_src/Nominal Client/upload_ingest.csv.vi
41d0ac3b8381bdab010b642ba897ec2c31dbbfb4	lv_src/Nominal Client/upload_ingest.video.vi
846286189a7ae0ddc384ce992c195bb3c19ec4f6	lv_src/Nominal Client/upload_to_s3.vi
cc90902e76a857b8aa127479a09333498884d9a6	lv_src/Run/create.request.vi
81a74db7bdb420bf97488e1528ffa758411686bf	lv_src/Run/update.description.request.vi
64e2dc7472b3036c66b4d79485356441704ec715	lv_src/Run/update.name.request.vi
89f93d1727c6ba589a7a9d106878a7c0ef33e3fb	lv_src/event/update.description.request.vi
0943ae03ceb3a390b97f1a0fb5f6ce5ca3f947ee	lv_src/event/update.name.request.vi
